{
  "results": [
    {
      "command": "skmtc-zod",
      "mean": 0.44233996692,
      "stddev": 0.011385047655374956,
      "median": 0.43840732922000003,
      "user": 0.53569846,
      "system": 0.06985509999999999,
      "min": 0.43293107922,
      "max": 0.47016982922,
      "times": [
        0.47016982922,
        0.44367712122,
        0.44698766222,
        0.43714832922,
        0.43966632922000004,
        0.44963812122,
        0.43553453822000004,
        0.43298316322,
        0.43466349622,
        0.43293107922
      ],
      "exit_codes": [
        0,
        0,
        0,
        0,
        0,
        0,
        0,
        0,
        0,
        0
      ]
    },
    {
      "command": "orval-zod",
      "mean": 4.49756701242,
      "stddev": 0.31355173792625457,
      "median": 4.38962032922,
      "user": 5.05890456,
      "system": 0.22855620000000001,
      "min": 4.22356657922,
      "max": 5.026446454219999,
      "times": [
        4.29915741222,
        4.26615549522,
        4.225203287219999,
        4.22356657922,
        4.258093704219999,
        4.4800832462199995,
        4.5053771202199995,
        4.66872637122,
        5.02286045422,
        5.026446454219999
      ],
      "exit_codes": [
        0,
        0,
        0,
        0,
        0,
        0,
        0,
        0,
        0,
        0
      ]
    },
    {
      "command": "kubb-zod",
      "mean": 6.86414483772,
      "stddev": 0.35366882286951234,
      "median": 6.74009391272,
      "user": 8.083353259999999,
      "system": 1.0390380000000001,
      "min": 6.4124668292199996,
      "max": 7.37859107922,
      "times": [
        7.37859107922,
        6.4124668292199996,
        7.2892134542199996,
        7.332754329219999,
        6.77812212122,
        6.526606162219999,
        6.70206570422,
        6.70066253822,
        6.93508074622,
        6.58588541322
      ],
      "exit_codes": [
        0,
        0,
        0,
        0,
        0,
        0,
        0,
        0,
        0,
        0
      ]
    },
    {
      "command": "openapi-ts-zod",
      "mean": 11.29953348732,
      "stddev": 0.23249810857594227,
      "median": 11.234441745720002,
      "user": 12.37473546,
      "system": 0.3815317,
      "min": 10.97321028722,
      "max": 11.73356378822,
      "times": [
        11.349150037220001,
        10.97321028722,
        11.17757362022,
        11.73356378822,
        11.42403891222,
        11.21115603722,
        11.594731662220001,
        11.068840037220001,
        11.20534303722,
        11.257727454220001
      ],
      "exit_codes": [
        0,
        0,
        0,
        0,
        0,
        0,
        0,
        0,
        0,
        0
      ]
    }
  ]
}
