{
  "results": [
    {
      "command": "skmtc-zod",
      "mean": 0.40901475828,
      "stddev": 0.011453737346493503,
      "median": 0.40718975788000006,
      "user": 0.512505,
      "system": 0.06007997999999999,
      "min": 0.40038109238,
      "max": 0.44022384138000004,
      "times": [
        0.40876438338000004,
        0.40998479938000004,
        0.40823350838000005,
        0.40145059138000005,
        0.40684059138000006,
        0.40223159238000006,
        0.40449825838000003,
        0.40038109238,
        0.40753892438000006,
        0.44022384138000004
      ],
      "exit_codes": [
        0,
        0,
        0,
        0,
        0,
        0,
        0,
        0,
        0,
        0
      ]
    },
    {
      "command": "orval-zod",
      "mean": 4.31107250028,
      "stddev": 0.09279002744262838,
      "median": 4.27848554988,
      "user": 4.920062,
      "system": 0.20112238,
      "min": 4.21367671738,
      "max": 4.52826892538,
      "times": [
        4.25250046738,
        4.28102409138,
        4.25107005038,
        4.21367671738,
        4.52826892538,
        4.38395613338,
        4.27594700838,
        4.3722589673800005,
        4.28460238338,
        4.2674202583800005
      ],
      "exit_codes": [
        0,
        0,
        0,
        0,
        0,
        0,
        0,
        0,
        0,
        0
      ]
    },
    {
      "command": "kubb-zod",
      "mean": 6.57548742508,
      "stddev": 0.18234940825331425,
      "median": 6.57463100838,
      "user": 7.9786869,
      "system": 0.9881218800000001,
      "min": 6.30008909138,
      "max": 6.97528071638,
      "times": [
        6.53132563338,
        6.44905975838,
        6.41001888338,
        6.59162309238,
        6.97528071638,
        6.6087049253800005,
        6.65218875838,
        6.67894446738,
        6.30008909138,
        6.55763892438
      ],
      "exit_codes": [
        0,
        0,
        0,
        0,
        0,
        0,
        0,
        0,
        0,
        0
      ]
    },
    {
      "command": "openapi-ts-zod",
      "mean": 11.408440170879999,
      "stddev": 0.4953449326508262,
      "median": 11.38141154988,
      "user": 12.4669004,
      "system": 0.33169797999999995,
      "min": 10.76969017538,
      "max": 12.542484800379999,
      "times": [
        10.76969017538,
        11.48983942438,
        11.312262299379999,
        10.83731963338,
        11.22566596738,
        11.23008650838,
        11.45056080038,
        11.51003638338,
        11.716455716379999,
        12.542484800379999
      ],
      "exit_codes": [
        0,
        0,
        0,
        0,
        0,
        0,
        0,
        0,
        0,
        0
      ]
    }
  ]
}
