{
  "results": [
    {
      "command": "skmtc-zod",
      "mean": 0.50500679264,
      "stddev": 0.014307349754802889,
      "median": 0.50717983034,
      "user": 0.6064899199999999,
      "system": 0.07289918,
      "min": 0.46602693484,
      "max": 0.51950439284,
      "times": [
        0.46602693484,
        0.51200430984,
        0.51034460084,
        0.51950439284,
        0.50596522584,
        0.50714751784,
        0.50586105884,
        0.5097631838400001,
        0.50721214284,
        0.50623855884
      ],
      "exit_codes": [
        0,
        0,
        0,
        0,
        0,
        0,
        0,
        0,
        0,
        0
      ]
    },
    {
      "command": "orval-zod",
      "mean": 4.788569629940001,
      "stddev": 0.06184933170102838,
      "median": 4.79438145534,
      "user": 5.445266119999999,
      "system": 0.22108888,
      "min": 4.70518493384,
      "max": 4.884484809840001,
      "times": [
        4.74001389184,
        4.70518493384,
        4.81696543484,
        4.85029943384,
        4.834141975840001,
        4.884484809840001,
        4.826392725840001,
        4.771797475840001,
        4.73881322584,
        4.717602391840001
      ],
      "exit_codes": [
        0,
        0,
        0,
        0,
        0,
        0,
        0,
        0,
        0,
        0
      ]
    },
    {
      "command": "kubb-zod",
      "mean": 7.47446832584,
      "stddev": 0.1099428704021585,
      "median": 7.46201547584,
      "user": 8.90658882,
      "system": 1.10286068,
      "min": 7.28935364184,
      "max": 7.63771018484,
      "times": [
        7.444368225840001,
        7.359191725840001,
        7.28935364184,
        7.53005139284,
        7.41884830884,
        7.47509960084,
        7.50586380984,
        7.63526501684,
        7.63771018484,
        7.448931350840001
      ],
      "exit_codes": [
        0,
        0,
        0,
        0,
        0,
        0,
        0,
        0,
        0,
        0
      ]
    },
    {
      "command": "openapi-ts-zod",
      "mean": 11.56525320474,
      "stddev": 0.2511074903586412,
      "median": 11.464508433839999,
      "user": 12.648674319999998,
      "system": 0.31045668000000004,
      "min": 11.29790551684,
      "max": 12.06423280984,
      "times": [
        11.695301600839999,
        12.06423280984,
        11.69947418384,
        11.35670272584,
        11.847875308839999,
        11.45643022584,
        11.36646214184,
        11.395560891839999,
        11.29790551684,
        11.47258664184
      ],
      "exit_codes": [
        0,
        0,
        0,
        0,
        0,
        0,
        0,
        0,
        0,
        0
      ]
    }
  ]
}
