{
  "results": [
    {
      "command": "skmtc-zod",
      "mean": 0.76696394994,
      "stddev": 0.011230665437043805,
      "median": 0.7702503000400001,
      "user": 0.8826917,
      "system": 0.08674323999999999,
      "min": 0.7369602375400001,
      "max": 0.77745152854,
      "times": [
        0.7713534455400001,
        0.77745152854,
        0.76333369654,
        0.77148011254,
        0.76910832054,
        0.7714710705400001,
        0.7369602375400001,
        0.7733955705400001,
        0.76914715454,
        0.76593836254
      ],
      "exit_codes": [
        0,
        0,
        0,
        0,
        0,
        0,
        0,
        0,
        0,
        0
      ]
    },
    {
      "command": "orval-zod",
      "mean": 4.76268672504,
      "stddev": 0.05924510600630793,
      "median": 4.771798091540001,
      "user": 5.4238333,
      "system": 0.22412014,
      "min": 4.65921152954,
      "max": 4.85281448754,
      "times": [
        4.77344611254,
        4.795925570540001,
        4.70319765454,
        4.770150070540001,
        4.65921152954,
        4.72678077854,
        4.85281448754,
        4.72346007154,
        4.79578036254,
        4.82610061254
      ],
      "exit_codes": [
        0,
        0,
        0,
        0,
        0,
        0,
        0,
        0,
        0,
        0
      ]
    },
    {
      "command": "kubb-zod",
      "mean": 7.46056024184,
      "stddev": 0.1576760307193888,
      "median": 7.39467707104,
      "user": 8.8524695,
      "system": 1.11791304,
      "min": 7.30449423754,
      "max": 7.717961987540001,
      "times": [
        7.717961987540001,
        7.49698344654,
        7.68753477954,
        7.38787694554,
        7.3673743625400006,
        7.325352612540001,
        7.30449423754,
        7.40147719654,
        7.6075221955400005,
        7.30902465454
      ],
      "exit_codes": [
        0,
        0,
        0,
        0,
        0,
        0,
        0,
        0,
        0,
        0
      ]
    },
    {
      "command": "openapi-ts-zod",
      "mean": 11.28133037514,
      "stddev": 0.21638286906714033,
      "median": 11.17655769604,
      "user": 12.5182301,
      "system": 0.2808234399999999,
      "min": 11.12381177954,
      "max": 11.68584902954,
      "times": [
        11.24220340454,
        11.16031040454,
        11.67801557054,
        11.169584779540001,
        11.13909982054,
        11.12381177954,
        11.15045494554,
        11.28044340454,
        11.68584902954,
        11.18353061254
      ],
      "exit_codes": [
        0,
        0,
        0,
        0,
        0,
        0,
        0,
        0,
        0,
        0
      ]
    }
  ]
}
