{
  "results": [
    {
      "command": "skmtc-zod",
      "mean": 0.77659966672,
      "stddev": 0.02236336537481091,
      "median": 0.78025608742,
      "user": 0.89255844,
      "system": 0.08641565999999999,
      "min": 0.71757039992,
      "max": 0.80423160792,
      "times": [
        0.7845171499200001,
        0.78226973292,
        0.7738078169200001,
        0.71757039992,
        0.77766744192,
        0.77824244192,
        0.80423160792,
        0.7779749839200001,
        0.7869016079200001,
        0.78281348392
      ],
      "exit_codes": [
        0,
        0,
        0,
        0,
        0,
        0,
        0,
        0,
        0,
        0
      ]
    },
    {
      "command": "orval-zod",
      "mean": 4.840823499819999,
      "stddev": 0.05143630501066176,
      "median": 4.85634342042,
      "user": 5.484597639999999,
      "system": 0.22349076,
      "min": 4.76534785792,
      "max": 4.92212439992,
      "times": [
        4.85900669092,
        4.874815899920001,
        4.92212439992,
        4.781947482920001,
        4.853680149920001,
        4.80483452492,
        4.88887944192,
        4.8641071919200005,
        4.793491357920001,
        4.76534785792
      ],
      "exit_codes": [
        0,
        0,
        0,
        0,
        0,
        0,
        0,
        0,
        0,
        0
      ]
    },
    {
      "command": "kubb-zod",
      "mean": 7.5924358206199996,
      "stddev": 0.20045902370874696,
      "median": 7.55351229542,
      "user": 8.978610139999997,
      "system": 1.14794896,
      "min": 7.34039448292,
      "max": 7.92201923292,
      "times": [
        7.49083394092,
        7.80184614992,
        7.92201923292,
        7.82023481692,
        7.61619064992,
        7.40413169192,
        7.41910269092,
        7.34039448292,
        7.46954785792,
        7.64005669192
      ],
      "exit_codes": [
        0,
        0,
        0,
        0,
        0,
        0,
        0,
        0,
        0,
        0
      ]
    },
    {
      "command": "openapi-ts-zod",
      "mean": 11.50992927072,
      "stddev": 0.21937538584288163,
      "median": 11.45293129542,
      "user": 12.66173174,
      "system": 0.30660015999999995,
      "min": 11.257245191920001,
      "max": 11.93009044092,
      "times": [
        11.506753399920001,
        11.32508239992,
        11.45364614992,
        11.93009044092,
        11.43500181692,
        11.452216440920001,
        11.86438331692,
        11.257245191920001,
        11.36565148292,
        11.50922206692
      ],
      "exit_codes": [
        0,
        0,
        0,
        0,
        0,
        0,
        0,
        0,
        0,
        0
      ]
    }
  ]
}
