{
  "results": [
    {
      "command": "skmtc-zod",
      "mean": 0.51214935006,
      "stddev": 0.010465081309619283,
      "median": 0.50861783326,
      "user": 0.6108423000000001,
      "system": 0.07007534000000001,
      "min": 0.50057524976,
      "max": 0.53319504176,
      "times": [
        0.53319504176,
        0.50462008376,
        0.52835808376,
        0.50057524976,
        0.5068698337599999,
        0.50682224976,
        0.51322054176,
        0.51059674976,
        0.50709879176,
        0.51013687476
      ],
      "exit_codes": [
        0,
        0,
        0,
        0,
        0,
        0,
        0,
        0,
        0,
        0
      ]
    },
    {
      "command": "orval-zod",
      "mean": 4.85326125836,
      "stddev": 0.12398707590345473,
      "median": 4.82615602076,
      "user": 5.479537299999999,
      "system": 0.22575773999999993,
      "min": 4.72351779176,
      "max": 5.15504662576,
      "times": [
        4.80717208276,
        4.75020250076,
        4.86354495776,
        4.88162737476,
        4.81923295776,
        4.76241795876,
        5.15504662576,
        4.72351779176,
        4.93677124976,
        4.83307908376
      ],
      "exit_codes": [
        0,
        0,
        0,
        0,
        0,
        0,
        0,
        0,
        0,
        0
      ]
    },
    {
      "command": "kubb-zod",
      "mean": 7.632065425059999,
      "stddev": 0.1822782041024688,
      "median": 7.60368300026,
      "user": 9.0232799,
      "system": 1.1243707400000003,
      "min": 7.38127025076,
      "max": 7.98100316676,
      "times": [
        7.50032349976,
        7.74663433376,
        7.53520591676,
        7.44615595776,
        7.7950402497599995,
        7.72765487476,
        7.63999416676,
        7.98100316676,
        7.56737183376,
        7.38127025076
      ],
      "exit_codes": [
        0,
        0,
        0,
        0,
        0,
        0,
        0,
        0,
        0,
        0
      ]
    },
    {
      "command": "openapi-ts-zod",
      "mean": 11.94887323346,
      "stddev": 0.2622549762395978,
      "median": 11.84970095826,
      "user": 13.228990299999998,
      "system": 0.31830463999999997,
      "min": 11.70156700076,
      "max": 12.47021608376,
      "times": [
        11.92625099976,
        11.86324779176,
        11.83615412476,
        11.73898358276,
        11.80471633376,
        11.81134799976,
        12.37500725076,
        11.96124116676,
        11.70156700076,
        12.47021608376
      ],
      "exit_codes": [
        0,
        0,
        0,
        0,
        0,
        0,
        0,
        0,
        0,
        0
      ]
    }
  ]
}
