{
  "results": [
    {
      "command": "skmtc-zod",
      "mean": 1.1988288309000001,
      "stddev": 0.043994047689832345,
      "median": 1.1860196228000002,
      "user": 1.7866109399999999,
      "system": 0.20550957999999997,
      "min": 1.1705601023,
      "max": 1.3188274763,
      "times": [
        1.1705601023,
        1.2007391433,
        1.2027140183,
        1.3188274763,
        1.1760301013,
        1.1991742683000002,
        1.1787151853000002,
        1.1933240603000002,
        1.1706271433,
        1.1775768103000002
      ],
      "exit_codes": [
        0,
        0,
        0,
        0,
        0,
        0,
        0,
        0,
        0,
        0
      ]
    },
    {
      "command": "orval-zod",
      "mean": 4.7786557891,
      "stddev": 0.07214558863913302,
      "median": 4.7543896638,
      "user": 5.4396254399999995,
      "system": 0.22363057999999994,
      "min": 4.7094933523,
      "max": 4.962017185300001,
      "times": [
        4.962017185300001,
        4.8127146023,
        4.7540926433,
        4.7918038513,
        4.7426854343,
        4.7094933523,
        4.7538470593,
        4.7546866843,
        4.7890984763,
        4.7161186023
      ],
      "exit_codes": [
        0,
        0,
        0,
        0,
        0,
        0,
        0,
        0,
        0,
        0
      ]
    },
    {
      "command": "openapi-ts-zod",
      "mean": 11.5360666807,
      "stddev": 0.21846693824192923,
      "median": 11.4246454973,
      "user": 12.67616344,
      "system": 0.31856918,
      "min": 11.3210637263,
      "max": 11.8194413933,
      "times": [
        11.3375694773,
        11.7588206433,
        11.3763102263,
        11.7746923093,
        11.8194413933,
        11.7889126433,
        11.3916702263,
        11.3345653933,
        11.4576207683,
        11.3210637263
      ],
      "exit_codes": [
        0,
        0,
        0,
        0,
        0,
        0,
        0,
        0,
        0,
        0
      ]
    },
    {
      "command": "kubb-zod",
      "mean": 7.7537589472,
      "stddev": 0.4050344371318318,
      "median": 7.687688184800001,
      "user": 8.985017439999998,
      "system": 1.14519138,
      "min": 7.3808122683,
      "max": 8.7832575183,
      "times": [
        7.7905681013,
        8.7832575183,
        7.9562969763,
        7.5202439763,
        7.6416369353,
        7.7934959343,
        7.5113379763,
        7.7337394343,
        7.4262003513,
        7.3808122683
      ],
      "exit_codes": [
        0,
        0,
        0,
        0,
        0,
        0,
        0,
        0,
        0,
        0
      ]
    }
  ]
}
