{
  "results": [
    {
      "command": "skmtc-zod",
      "mean": 0.5105020975,
      "stddev": 0.011032592988790465,
      "median": 0.5071029934,
      "user": 0.6091013799999999,
      "system": 0.07084531999999999,
      "min": 0.5017897219,
      "max": 0.5399253059,
      "times": [
        0.5032524729,
        0.5399253059,
        0.5052660139,
        0.5056706809,
        0.5080365559,
        0.5099454309,
        0.5017897219,
        0.5095238059,
        0.5061694309,
        0.5154415559
      ],
      "exit_codes": [
        0,
        0,
        0,
        0,
        0,
        0,
        0,
        0,
        0,
        0
      ]
    }
  ]
}
