{
  "results": [
    {
      "command": "skmtc-zod",
      "mean": 1.2222470765,
      "stddev": 0.034022272902685044,
      "median": 1.218196135,
      "user": 1.79708992,
      "system": 0.21419434,
      "min": 1.17922601,
      "max": 1.289814218,
      "times": [
        1.21696176,
        1.17922601,
        1.202410885,
        1.255371718,
        1.238050426,
        1.289814218,
        1.181649093,
        1.236582635,
        1.21943051,
        1.20297351
      ],
      "exit_codes": [
        0,
        0,
        0,
        0,
        0,
        0,
        0,
        0,
        0,
        0
      ]
    },
    {
      "command": "orval-zod",
      "mean": 4.813494755799999,
      "stddev": 0.10880790395457407,
      "median": 4.783710739,
      "user": 5.468315819999999,
      "system": 0.23118023999999998,
      "min": 4.744085634999999,
      "max": 5.115263927,
      "times": [
        5.115263927,
        4.7859000929999995,
        4.744085634999999,
        4.784459093,
        4.762357092999999,
        4.782962384999999,
        4.771951927,
        4.818159885,
        4.81758326,
        4.75222426
      ],
      "exit_codes": [
        0,
        0,
        0,
        0,
        0,
        0,
        0,
        0,
        0,
        0
      ]
    },
    {
      "command": "kubb-zod",
      "mean": 7.613592280900001,
      "stddev": 0.3574890078353634,
      "median": 7.463417302,
      "user": 8.95595882,
      "system": 1.15068314,
      "min": 7.390951885,
      "max": 8.544468677,
      "times": [
        7.474488802,
        8.544468677,
        7.452345802,
        7.571308594,
        7.4179302179999995,
        7.863515135,
        7.390951885,
        7.608889677,
        7.405156926,
        7.406867093
      ],
      "exit_codes": [
        0,
        0,
        0,
        0,
        0,
        0,
        0,
        0,
        0,
        0
      ]
    },
    {
      "command": "openapi-ts-zod",
      "mean": 11.568116839299998,
      "stddev": 0.3343350165918333,
      "median": 11.394031385,
      "user": 12.693454919999997,
      "system": 0.30480283999999996,
      "min": 11.302231718,
      "max": 12.096217093,
      "times": [
        11.304317344,
        11.369995135,
        11.302231718,
        11.33692651,
        11.418067635,
        12.071721677,
        11.351503552,
        11.462225719,
        11.967962009999999,
        12.096217093
      ],
      "exit_codes": [
        0,
        0,
        0,
        0,
        0,
        0,
        0,
        0,
        0,
        0
      ]
    }
  ]
}
