{
  "results": [
    {
      "command": "skmtc-zod",
      "mean": 0.8000011898799999,
      "stddev": 0.011157085974166666,
      "median": 0.79879486928,
      "user": 0.9102340400000001,
      "system": 0.09183554000000001,
      "min": 0.78683574378,
      "max": 0.82010316078,
      "times": [
        0.79432395278,
        0.8079885357800001,
        0.80446774378,
        0.8032657857800001,
        0.7917852857800001,
        0.78683574378,
        0.82010316078,
        0.78810445178,
        0.79151070278,
        0.81162653578
      ],
      "exit_codes": [
        0,
        0,
        0,
        0,
        0,
        0,
        0,
        0,
        0,
        0
      ]
    },
    {
      "command": "orval-zod",
      "mean": 4.898173618980001,
      "stddev": 0.06874216685841845,
      "median": 4.86210695278,
      "user": 5.52727324,
      "system": 0.23802343999999995,
      "min": 4.836824285780001,
      "max": 5.04131611878,
      "times": [
        4.952364702780001,
        4.9296452437800005,
        4.86434661978,
        4.957431743780001,
        4.837545785780001,
        4.85945095178,
        4.836824285780001,
        4.85986728578,
        5.04131611878,
        4.84294345178
      ],
      "exit_codes": [
        0,
        0,
        0,
        0,
        0,
        0,
        0,
        0,
        0,
        0
      ]
    },
    {
      "command": "kubb-zod",
      "mean": 7.968765427379999,
      "stddev": 0.8661922543745727,
      "median": 7.71034716078,
      "user": 9.15956734,
      "system": 1.1715463399999997,
      "min": 7.50539270278,
      "max": 10.41815861878,
      "times": [
        10.41815861878,
        7.65961557778,
        7.63325928578,
        7.74678886878,
        7.653474993780001,
        7.50539270278,
        7.73399632778,
        7.68669799378,
        7.87806066078,
        7.772209243780001
      ],
      "exit_codes": [
        0,
        0,
        0,
        0,
        0,
        0,
        0,
        0,
        0,
        0
      ]
    },
    {
      "command": "openapi-ts-zod",
      "mean": 11.485542760780001,
      "stddev": 0.12410736890563716,
      "median": 11.49851524428,
      "user": 12.599438439999998,
      "system": 0.3094202399999999,
      "min": 11.272274535780001,
      "max": 11.67809003578,
      "times": [
        11.272274535780001,
        11.494225160780001,
        11.41995132778,
        11.56804016078,
        11.67809003578,
        11.50280532778,
        11.60375532778,
        11.56534491078,
        11.37322474378,
        11.37771607678
      ],
      "exit_codes": [
        0,
        0,
        0,
        0,
        0,
        0,
        0,
        0,
        0,
        0
      ]
    }
  ]
}
