{
  "results": [
    {
      "command": "skmtc-zod",
      "mean": 0.81070041414,
      "stddev": 0.016867828112103078,
      "median": 0.80653884354,
      "user": 0.91643884,
      "system": 0.09290665999999999,
      "min": 0.7872386565400001,
      "max": 0.8411954475400001,
      "times": [
        0.8145874895400002,
        0.8174925725400001,
        0.8343309885400001,
        0.8019872385400001,
        0.80130623854,
        0.8411954475400001,
        0.8020963225400001,
        0.7872386565400001,
        0.8109813645400001,
        0.7957878225400001
      ],
      "exit_codes": [
        0,
        0,
        0,
        0,
        0,
        0,
        0,
        0,
        0,
        0
      ]
    },
    {
      "command": "orval-zod",
      "mean": 4.9577427516400006,
      "stddev": 0.0520879281236722,
      "median": 4.946787176540001,
      "user": 5.562998239999999,
      "system": 0.23821145999999999,
      "min": 4.88661423954,
      "max": 5.050524530540001,
      "times": [
        4.90740348954,
        4.9204658635400005,
        4.93908403054,
        4.9363557805400005,
        5.050524530540001,
        4.99005865554,
        5.02788798954,
        4.88661423954,
        4.96454261454,
        4.954490322540001
      ],
      "exit_codes": [
        0,
        0,
        0,
        0,
        0,
        0,
        0,
        0,
        0,
        0
      ]
    },
    {
      "command": "kubb-zod",
      "mean": 7.979263034739999,
      "stddev": 0.3016194791634998,
      "median": 7.894486093040001,
      "user": 9.26986454,
      "system": 1.1987223599999999,
      "min": 7.647243905540001,
      "max": 8.66297294754,
      "times": [
        8.07360761354,
        8.66297294754,
        8.13202936354,
        7.7214722385400005,
        8.17900611354,
        7.79641090654,
        7.992457738540001,
        7.647243905540001,
        7.790915072540001,
        7.796514447540001
      ],
      "exit_codes": [
        0,
        0,
        0,
        0,
        0,
        0,
        0,
        0,
        0,
        0
      ]
    },
    {
      "command": "openapi-ts-zod",
      "mean": 11.86774201014,
      "stddev": 0.3853755510990794,
      "median": 11.79283186454,
      "user": 12.90087254,
      "system": 0.34447026,
      "min": 11.41888373954,
      "max": 12.680073197539999,
      "times": [
        11.41888373954,
        11.58233094754,
        11.54876440554,
        12.680073197539999,
        11.85383890654,
        12.11388878054,
        11.73182482254,
        12.12845719754,
        12.07244978154,
        11.54690832254
      ],
      "exit_codes": [
        0,
        0,
        0,
        0,
        0,
        0,
        0,
        0,
        0,
        0
      ]
    }
  ]
}
