{
  "results": [
    {
      "command": "skmtc-zod",
      "mean": 1.2097737198799998,
      "stddev": 0.06762218148160655,
      "median": 1.19441098218,
      "user": 1.7889525000000002,
      "system": 0.20712566,
      "min": 1.15089496168,
      "max": 1.38491475368,
      "times": [
        1.21141487768,
        1.17406658668,
        1.20661741968,
        1.2323628786799998,
        1.22553521168,
        1.1741739196799998,
        1.15089496168,
        1.18220454468,
        1.38491475368,
        1.1555520446799998
      ],
      "exit_codes": [
        0,
        0,
        0,
        0,
        0,
        0,
        0,
        0,
        0,
        0
      ]
    },
    {
      "command": "orval-zod",
      "mean": 4.77338726578,
      "stddev": 0.055366649838249175,
      "median": 4.762020378180001,
      "user": 5.4490197,
      "system": 0.22196396000000002,
      "min": 4.70103733668,
      "max": 4.8930790036800005,
      "times": [
        4.8930790036800005,
        4.80437275368,
        4.74194483668,
        4.73659587768,
        4.73216208668,
        4.76874500368,
        4.775549836680001,
        4.82509016968,
        4.70103733668,
        4.75529575268
      ],
      "exit_codes": [
        0,
        0,
        0,
        0,
        0,
        0,
        0,
        0,
        0,
        0
      ]
    },
    {
      "command": "kubb-zod",
      "mean": 7.70795483668,
      "stddev": 0.17697473152155874,
      "median": 7.68970989918,
      "user": 9.0908679,
      "system": 1.18072306,
      "min": 7.50063091968,
      "max": 7.9818638786800005,
      "times": [
        7.50063091968,
        7.51968450368,
        7.52620291968,
        7.88902896168,
        7.9818638786800005,
        7.84140541968,
        7.75777708668,
        7.58924046168,
        7.85207150368,
        7.62164271168
      ],
      "exit_codes": [
        0,
        0,
        0,
        0,
        0,
        0,
        0,
        0,
        0,
        0
      ]
    },
    {
      "command": "openapi-ts-zod",
      "mean": 11.63647611178,
      "stddev": 0.25450094935027634,
      "median": 11.58436433668,
      "user": 12.7231996,
      "system": 0.31360336,
      "min": 11.22635892068,
      "max": 12.039875836679998,
      "times": [
        11.62387375368,
        11.46661412768,
        11.468956795679999,
        11.544854919679999,
        11.22635892068,
        12.01699175368,
        11.813314628679999,
        11.629563169679999,
        12.039875836679998,
        11.53435721168
      ],
      "exit_codes": [
        0,
        0,
        0,
        0,
        0,
        0,
        0,
        0,
        0,
        0
      ]
    }
  ]
}
