{
  "results": [
    {
      "command": "skmtc-zod",
      "mean": 0.7856909865200001,
      "stddev": 0.00696478959926758,
      "median": 0.7838749029200001,
      "user": 0.9327806399999998,
      "system": 0.08357461999999999,
      "min": 0.7776056744200001,
      "max": 0.8012957574200001,
      "times": [
        0.7822490074200001,
        0.7927068824200001,
        0.7852517984200001,
        0.8012957574200001,
        0.7776056744200001,
        0.7794615074200001,
        0.7876617574200001,
        0.7824980074200001,
        0.7820382574200001,
        0.7861412154200002
      ],
      "exit_codes": [
        0,
        0,
        0,
        0,
        0,
        0,
        0,
        0,
        0,
        0
      ]
    }
  ]
}
