{
  "results": [
    {
      "command": "skmtc-zod",
      "mean": 1.19312642652,
      "stddev": 0.027473267250095787,
      "median": 1.1834139721199999,
      "user": 1.77756066,
      "system": 0.20644591999999995,
      "min": 1.16016782662,
      "max": 1.23112786862,
      "times": [
        1.23112786862,
        1.1715384096199999,
        1.17057020162,
        1.17493074262,
        1.19189720162,
        1.2270389096199998,
        1.16867357662,
        1.21634495162,
        1.21897457662,
        1.16016782662
      ],
      "exit_codes": [
        0,
        0,
        0,
        0,
        0,
        0,
        0,
        0,
        0,
        0
      ]
    },
    {
      "command": "orval-zod",
      "mean": 4.833865797620001,
      "stddev": 0.12810016375087868,
      "median": 4.78012013912,
      "user": 5.479421159999999,
      "system": 0.22798891999999998,
      "min": 4.723337534620001,
      "max": 5.09785390962,
      "times": [
        4.91473099362,
        5.09785390962,
        4.99563049362,
        4.78826220162,
        4.73331999362,
        4.75062253562,
        4.723337534620001,
        4.73333382662,
        4.77197807662,
        4.82958841062
      ],
      "exit_codes": [
        0,
        0,
        0,
        0,
        0,
        0,
        0,
        0,
        0,
        0
      ]
    },
    {
      "command": "kubb-zod",
      "mean": 7.611625372720001,
      "stddev": 0.1249354865061895,
      "median": 7.61444263962,
      "user": 8.984359659999999,
      "system": 1.1548991200000003,
      "min": 7.42073961762,
      "max": 7.9081991596200005,
      "times": [
        7.61002078562,
        7.42073961762,
        7.56212657662,
        7.61886449362,
        7.62238211862,
        7.57178828562,
        7.9081991596200005,
        7.6604091186200005,
        7.62642928562,
        7.5152942856200005
      ],
      "exit_codes": [
        0,
        0,
        0,
        0,
        0,
        0,
        0,
        0,
        0,
        0
      ]
    },
    {
      "command": "openapi-ts-zod",
      "mean": 11.56230840972,
      "stddev": 0.22914820264641866,
      "median": 11.48370601362,
      "user": 12.70508526,
      "system": 0.30166691999999995,
      "min": 11.28055053562,
      "max": 11.898774576620001,
      "times": [
        11.40751215962,
        11.38391528462,
        11.83995857662,
        11.86438724262,
        11.55989986762,
        11.59442486762,
        11.39169553462,
        11.28055053562,
        11.898774576620001,
        11.40196545162
      ],
      "exit_codes": [
        0,
        0,
        0,
        0,
        0,
        0,
        0,
        0,
        0,
        0
      ]
    }
  ]
}
